timestamp_sec,flight_state,actual_x,actual_y,actual_z,target_x,target_y,target_z
0.011,TAKEOFF,-0.029492909088730812,-0.07079090923070908,-0.0002930062764789909,-0.348116683145265,0.3589077526551066,0.8
0.031,TAKEOFF,-0.02942148596048355,-0.07088672369718552,3.730617754627019e-05,-0.35097840229323646,0.3561097599388243,0.8
0.051,TAKEOFF,-0.029368126764893532,-0.0709342211484909,0.00024686960387043655,-0.3538303013348402,0.35327626279909635,0.8
0.071,TAKEOFF,-0.029656676575541496,-0.0710846483707428,-0.00015323499974329025,-0.3566403435911763,0.35043924626555134,0.8
0.091,TAKEOFF,-0.029687965288758278,-0.0711042508482933,-0.00014754677249584347,-0.3594374840784972,0.3475696981028698,0.8
0.111,TAKEOFF,-0.029457468539476395,-0.07106402516365051,5.0820493925129995e-05,-0.36220226697982294,0.34468756547731316,0.8
0.131,TAKEOFF,-0.02958826906979084,-0.07165861129760742,-0.0002730068808887154,-0.3649444292683283,0.3417829187452382,0.8
0.151,TAKEOFF,-0.030176915228366852,-0.07154400646686554,-0.0008185628103092313,-0.36767305796102406,0.33884586827876395,0.8
0.171,TAKEOFF,-0.030241232365369797,-0.07110744714736938,-0.0014233822003006935,-0.37036680647929376,0.3358994323578552,0.8
0.191,TAKEOFF,-0.02983764000236988,-0.0712166279554367,-0.001305543351918459,-0.37304516707115964,0.33292236831557387,0.8
0.211,TAKEOFF,-0.02936975099146366,-0.07127941399812698,-0.001106484909541905,-0.3756963574591964,0.3299276390239104,0.8
0.231,TAKEOFF,-0.029976775869727135,-0.07145132124423981,-0.0013063238002359867,-0.378327560414046,0.326907107648574,0.8
0.251,TAKEOFF,-0.029790140688419342,-0.07099515944719315,-0.0012511261738836765,-0.38092437954105157,0.3238774723120842,0.8
0.271,TAKEOFF,-0.029672320932149887,-0.07114972174167633,-0.00112155731767416,-0.38349963058819847,0.32082399121436556,0.8
0.291,TAKEOFF,-0.029684538021683693,-0.0712716206908226,-0.001170086208730936,-0.3860603448658262,0.3177379582644783,0.8
0.311,TAKEOFF,-0.02991514839231968,-0.07110291719436646,-0.0015924668405205011,-0.3885763019232675,0.31465609414666945,0.8
0.331,TAKEOFF,-0.029957914724946022,-0.07119961082935333,-0.0016934124287217855,-0.3910758579659244,0.3115440150543998,0.8
0.351,TAKEOFF,-0.030169587582349777,-0.0714925155043602,-0.0017996005481109023,-0.39357090163959835,0.3083860330536933,0.8
0.371,TAKEOFF,-0.03019426017999649,-0.07155390083789825,-0.0018716126214712858,-0.39602653140625854,0.3052261234270876,0.8
0.391,TAKEOFF,-0.0304606594145298,-0.07124800235033035,-0.002297247527167201,-0.3984532195821739,0.30205137279045746,0.8
0.411,TAKEOFF,-0.030543798580765724,-0.07136188447475433,-0.002449402352795005,-0.40085656706475,0.29885450078769704,0.8
0.431,TAKEOFF,-0.02993481419980526,-0.071098692715168,-0.0017452716128900647,-0.40323508366166705,0.29563739158700536,0.8
0.451,TAKEOFF,-0.029995324090123177,-0.07100964337587357,-0.0018868392799049616,-0.4055852998784425,0.2924047956558064,0.8
0.471,TAKEOFF,-0.03004816547036171,-0.07095421850681305,-0.0020348425023257732,-0.4079171301894528,0.2891428970215264,0.8
0.491,TAKEOFF,-0.029953844845294952,-0.07108279317617416,-0.002079648431390524,-0.4102163480864788,0.2858715581560938,0.8
0.511,TAKEOFF,-0.029931819066405296,-0.07113365083932877,-0.0021146349608898163,-0.4125020512913743,0.28256336931812026,0.8
0.531,TAKEOFF,-0.02993633784353733,-0.07125572860240936,-0.0021901410073041916,-0.4147511962228023,0.2792515805358217,0.8
0.551,TAKEOFF,-0.03023698925971985,-0.0712728202342987,-0.002254410879686475,-0.41694841084788925,0.2759601831631146,0.8
0.571,TAKEOFF,-0.030334366485476494,-0.07132021337747574,-0.0022168562281876802,-0.4191533055493527,0.27259953493550015,0.8
0.591,TAKEOFF,-0.030523592606186867,-0.07124800235033035,-0.002461311873048544,-0.42132800700121403,0.26922613267731815,0.8
0.611,TAKEOFF,-0.03058900311589241,-0.07137330621480942,-0.0025440992321819067,-0.42345824313641556,0.2658629653032185,0.8
0.631,TAKEOFF,-0.030653787776827812,-0.07150814682245255,-0.0026213740929961205,-0.42557575166552,0.26246005333065003,0.8
0.651,TAKEOFF,-0.030370773747563362,-0.07147476822137833,-0.0021995226852595806,-0.42765670012629464,0.25905548988023497,0.8
0.67,TAKEOFF,-0.030397528782486916,-0.07160919159650803,-0.0022185021080076694,-0.4297081944923285,0.2556381575315844,0.8
0.69,TAKEOFF,-0.030428580939769745,-0.07175471633672714,-0.002245944458991289,-0.4317392368137081,0.25219284564697086,0.8
0.711,TAKEOFF,-0.030463512986898422,-0.07191440463066101,-0.002276062034070492,-0.43374208662659763,0.24873239091201022,0.8
0.731,TAKEOFF,-0.03049730323255062,-0.07208707183599472,-0.0023066201247274876,-0.43571568064588795,0.2452587320347444,0.8
0.751,TAKEOFF,-0.030185014009475708,-0.07159017026424408,-0.001980663277208805,-0.43767335301709287,0.24174787705122708,0.8
0.771,TAKEOFF,-0.030188221484422684,-0.07170586287975311,-0.0019753933884203434,-0.4395998740913937,0.23822667923394047,0.8
0.79,TAKEOFF,-0.030099865049123764,-0.07166483998298645,-0.0018997867591679096,-0.4414866963215599,0.23471151861609765,0.8
0.811,TAKEOFF,-0.030097661539912224,-0.07178186625242233,-0.0018884395249187946,-0.4433497762061192,0.23117304327707414,0.8
0.831,TAKEOFF,-0.03009205311536789,-0.07191049307584763,-0.0018786834552884102,-0.44518510392376687,0.22761859160531,0.8
0.851,TAKEOFF,-0.029167478904128075,-0.07219119369983673,-0.0007077131303958595,-0.4469939437288824,0.2240455629324105,0.8
0.871,TAKEOFF,-0.02914738655090332,-0.07230386137962341,-0.0005083561409264803,-0.44876872478708246,0.22046911723181511,0.8
0.89,TAKEOFF,-0.02909078821539879,-0.07242470234632492,-0.00032424868550151587,-0.4505221297481714,0.2168635760268926,0.8
0.911,TAKEOFF,-0.030004285275936127,-0.0716470330953598,-0.0011308599496260285,-0.45223595106132686,0.21326660443599033,0.8
0.931,TAKEOFF,-0.02995593287050724,-0.07174204289913177,-0.001099298126064241,-0.4539315111766476,0.20963344952770557,0.8
0.951,TAKEOFF,-0.030038492754101753,-0.07159212976694107,-0.0012851611245423555,-0.4555961159544632,0.2059907258281482,0.8
0.971,TAKEOFF,-0.03000393696129322,-0.07172629982233047,-0.0013049124972894788,-0.45723058213313644,0.2023368349119684,0.8
0.991,TAKEOFF,-0.029927298426628113,-0.0718003511428833,-0.0013145878911018372,-0.45883150043614573,0.19867977805382,0.8
1.011,TAKEOFF,-0.03037557192146778,-0.07127697020769119,-0.0020441263914108276,-0.4604059029439736,0.19500360133685835,0.8
1.031,TAKEOFF,-0.030311042442917824,-0.07129178196191788,-0.0021085506305098534,-0.461951290215248,0.1913138925129791,0.8
1.051,TAKEOFF,-0.03021492436528206,-0.07137605547904968,-0.002061255741864443,-0.46347088372128037,0.18760261176917398,0.8
1.071,TAKEOFF,-0.03026449680328369,-0.0712667852640152,-0.0023395991884171963,-0.46495210352942645,0.18390090109502324,0.8
1.091,TAKEOFF,-0.030315326526761055,-0.07126592844724655,-0.0025280972477048635,-0.46641178304365577,0.18016672455822075,0.8
1.111,TAKEOFF,-0.03032725304365158,-0.07136974483728409,-0.002648249501362443,-0.46783009822115346,0.17645112410632557,0.8
1.131,TAKEOFF,-0.03039730153977871,-0.07138799130916595,-0.002814485225826502,-0.46922492507553376,0.17270775804190067,0.8
1.151,TAKEOFF,-0.030407018959522247,-0.071494922041893,-0.0029501819517463446,-0.4705978233107394,0.16893101756395737,0.8
1.17,TAKEOFF,-0.03044196031987667,-0.07130412012338638,-0.002762423362582922,-0.47193448024247564,0.16516006284288093,0.8
1.19,TAKEOFF,-0.029461190104484558,-0.0714169591665268,-0.0017812708392739296,-0.4732383349990737,0.16138611553446752,0.8
1.211,TAKEOFF,-0.029408395290374756,-0.07152639329433441,-0.0017807551193982363,-0.47451701571851135,0.15758680716861434,0.8
1.231,TAKEOFF,-0.029764452949166298,-0.07129380851984024,-0.0018405639566481113,-0.47576641213306714,0.15377360334605067,0.8
1.251,TAKEOFF,-0.029972927644848824,-0.07106605917215347,-0.002051976742222905,-0.4769792169688077,0.14996941881538073,0.8
1.271,TAKEOFF,-0.029980259016156197,-0.07106401026248932,-0.0021315738558769226,-0.47816379271817894,0.14614851122528202,0.8
1.29,TAKEOFF,-0.029933318495750427,-0.07116331905126572,-0.0021686656400561333,-0.479315467279782,0.14232597382896833,0.8
1.311,TAKEOFF,-0.029961105436086655,-0.07111039012670517,-0.0022124694660305977,-0.48043967475860977,0.13848364133658989,0.8
1.331,TAKEOFF,-0.029817257076501846,-0.07123079895973206,-0.002203850308433175,-0.4815324266934709,0.1346347727843631,0.8
1.351,TAKEOFF,-0.029780644923448563,-0.0713617280125618,-0.0022469800896942616,-0.4825960165387914,0.130771116156782,0.8
1.371,TAKEOFF,-0.029742268845438957,-0.07149942964315414,-0.002293097786605358,-0.48362578632508907,0.1269098057733889,0.8
1.391,TAKEOFF,-0.03002319298684597,-0.07130838930606842,-0.0024098893627524376,-0.484630422703386,0.12301769543580875,0.8
1.411,TAKEOFF,-0.029282722622156143,-0.07118400186300278,-0.0013104702811688185,-0.48559492015728667,0.11915357114849053,0.8
1.431,TAKEOFF,-0.029196029528975487,-0.0712912529706955,-0.0012199969496577978,-0.48652562857065595,0.1152944610288289,0.8
1.451,TAKEOFF,-0.029111411422491074,-0.07140707969665527,-0.001130734570324421,-0.4874378861238325,0.11137462534675355,0.8
1.471,TAKEOFF,-0.029778748750686646,-0.07108773291110992,-0.0013244141591712832,-0.4883152426555346,0.1074626623077354,0.8
1.491,TAKEOFF,-0.029791485518217087,-0.07117170840501785,-0.0012802713317796588,-0.4891601572710745,0.10354873508902802,0.8
1.511,TAKEOFF,-0.029347291216254234,-0.07114671915769577,-0.0005820345249958336,-0.48997120264934546,0.09964045651417937,0.8
1.531,TAKEOFF,-0.029315372928977013,-0.0712389275431633,-0.00045792129822075367,-0.49075219990841806,0.09571979045656172,0.8
1.551,TAKEOFF,-0.029087228700518608,-0.07134157419204712,-7.045114762149751e-05,-0.4915006521025778,0.09179928639559656,0.8
1.57,TAKEOFF,-0.028957325965166092,-0.07143869251012802,0.00014569121412932873,-0.4922203489642164,0.08785856853799202,0.8
1.591,TAKEOFF,-0.028890296816825867,-0.07156219333410263,0.0002930540940724313,-0.4929078345461767,0.0839158307055282,0.8
1.611,TAKEOFF,-0.029292717576026917,-0.07126005738973618,7.003531936788931e-05,-0.49356328893567797,0.07997049340223233,0.8
1.631,TAKEOFF,-0.02994782291352749,-0.0715130940079689,-0.00044418705510906875,-0.4941877952587827,0.07601593923160771,0.8
1.651,TAKEOFF,-0.029606057330965996,-0.07103075087070465,-0.0005826858105137944,-0.494778356131712,0.07207203551725708,0.8
1.671,TAKEOFF,-0.02975107543170452,-0.07152844220399857,-0.000773303268942982,-0.49534126870417716,0.06809572320297477,0.8
1.69,TAKEOFF,-0.02955295331776142,-0.07103656232357025,-0.0008019519154913723,-0.4958707277749663,0.06412660396376234,0.8
1.711,TAKEOFF,-0.029287079349160194,-0.07124543190002441,-0.0005955905071459711,-0.4963634422673365,0.06019412912004381,0.8
1.731,TAKEOFF,-0.02917647548019886,-0.07154031842947006,-0.00044493816676549613,-0.49683093426122293,0.05620518446834223,0.8
1.751,TAKEOFF,-0.03000125102698803,-0.07116677612066269,-0.0009419796988368034,-0.497267281421057,0.05220393498685056,0.8
1.771,TAKEOFF,-0.030244270339608192,-0.071267269551754,-0.0015267772832885385,-0.4976683563032941,0.04823076958102088,0.8
1.791,TAKEOFF,-0.030308198183774948,-0.0711313858628273,-0.0018998284358531237,-0.49803848368910075,0.044245550789444435,0.8
1.811,TAKEOFF,-0.030349474400281906,-0.07113460451364517,-0.002211612882092595,-0.49837597313456145,0.04026647988313492,0.8
1.831,TAKEOFF,-0.030400151386857033,-0.07119867950677872,-0.002310787793248892,-0.49868130553698337,0.03628988161912151,0.8
1.851,TAKEOFF,-0.030457766726613045,-0.07127044349908829,-0.0025986346881836653,-0.49895592533946403,0.03229527161426558,0.8
1.871,TAKEOFF,-0.030559862032532692,-0.07141117751598358,-0.002814608160406351,-0.49920012814357184,0.028270692624013903,0.8
1.891,TAKEOFF,-0.03066447004675865,-0.07156531512737274,-0.0030359646771103144,-0.49940967761030375,0.024289378525859787,0.8
1.911,TAKEOFF,-0.030772840604186058,-0.07173499464988708,-0.0032622774597257376,-0.4995872426409474,0.020312237454676155,0.8
1.931,TAKEOFF,-0.029237844049930573,-0.07125452160835266,-0.0011546360328793526,-0.4997338173206645,0.01631293431963359,0.8
1.951,TAKEOFF,-0.029722902923822403,-0.07068870216608047,-0.001092484686523676,-0.49984846293953344,0.01230910626267692,0.8
1.971,TAKEOFF,-0.02940862812101841,-0.07081280648708344,-0.0003401187714189291,-0.4999310616015309,0.008302628858759355,0.8
1.991,TAKEOFF,-0.02937365509569645,-0.07089842110872269,-0.0002334978780709207,-0.49998145585660614,0.0043062512129021764,0.8
2.011,TAKEOFF,-0.029341230168938637,-0.07099776715040207,-0.00012687122216448188,-0.4999998981831699,0.0003190874797297356,0.8
2.031,TAKEOFF,-0.029730936512351036,-0.07123193144798279,-0.0007976924534887075,-0.49998661685250456,-0.0036582739627853554,0.8
2.051,TAKEOFF,-0.029759492725133896,-0.07136739045381546,-0.0007833739509806037,-0.4999408157295626,-0.007692903720929996,0.8
2.071,TAKEOFF,-0.02985379844903946,-0.07095683366060257,-0.001326190191321075,-0.49986110684586194,-0.011784475500835076,0.8
2.091,TAKEOFF,-0.02989114075899124,-0.07088122516870499,-0.0015829839976504445,-0.499754515225926,-0.015666030489555675,0.8
2.111,TAKEOFF,-0.029968054965138435,-0.07110626250505447,-0.0017621895531192422,-0.4996135582500785,-0.019654323002723236,0.8
2.13,TAKEOFF,-0.030219193547964096,-0.07123664766550064,-0.002038107253611088,-0.4994393699506634,-0.023670989486804073,0.8
2.151,TAKEOFF,-0.030171366408467293,-0.07118295133113861,-0.0020841886289417744,-0.49923361328356075,-0.027673080201525955,0.8
2.171,TAKEOFF,-0.030247436836361885,-0.07131607830524445,-0.002177783753722906,-0.498996992576691,-0.03165440568732516,0.8
2.19,TAKEOFF,-0.03035389818251133,-0.07127043604850769,-0.002411665627732873,-0.49872698329937015,-0.035656642145745335,0.8
2.211,TAKEOFF,-0.03040020912885666,-0.07131180912256241,-0.00242762197740376,-0.4984262809245792,-0.03963890114133422,0.8
2.231,TAKEOFF,-0.029787179082632065,-0.07102571427822113,-0.001855412032455206,-0.4980932238748645,-0.04362499661827048,0.8
2.251,TAKEOFF,-0.029458453878760338,-0.07102511823177338,-0.0014695196878165007,-0.4977282209849102,-0.04760901212161824,0.8
2.271,TAKEOFF,-0.02986711822450161,-0.07149387151002884,-0.0014241093304008245,-0.4973310275963742,-0.05159310990756883,0.8
2.291,TAKEOFF,-0.02929791621863842,-0.07165379077196121,-0.0009926657658070326,-0.4969014985444454,-0.05557787999091511,0.8
2.311,TAKEOFF,-0.028986573219299316,-0.07178595662117004,-0.0007297145784832537,-0.4964408493143629,-0.05955235622571155,0.8
2.331,TAKEOFF,-0.02898223139345646,-0.07197313010692596,-0.0006129987305030227,-0.4959495737331695,-0.06351393794977196,0.8
2.351,TAKEOFF,-0.029639074578881264,-0.07128647714853287,-0.0004144566773902625,-0.49542469043444987,-0.06748611789049319,0.8
2.37,TAKEOFF,-0.029990753158926964,-0.07105118781328201,-0.0009505983325652778,-0.4948707325242006,-0.0714349920624417,0.8
2.39,TAKEOFF,-0.029685141518712044,-0.07089685648679733,-0.0008383101667277515,-0.49428138136515326,-0.07540501333304005,0.8
2.411,TAKEOFF,-0.029752559959888458,-0.07097551971673965,-0.0008149008499458432,-0.49366435188920027,-0.07934423529038415,0.8
2.431,TAKEOFF,-0.029999990016222,-0.0711681991815567,-0.0010538409696891904,-0.4930130774404591,-0.08329529081939693,0.8
2.45,TAKEOFF,-0.03004389815032482,-0.07103608548641205,-0.0014983473811298609,-0.492331345885662,-0.08723443046419603,0.8
2.471,TAKEOFF,-0.0301356241106987,-0.07112804055213928,-0.0015786129515618086,-0.49162033226285634,-0.09115617864828887,0.8
2.491,TAKEOFF,-0.029749730601906776,-0.07103949040174484,-0.0013094114838168025,-0.4908706979652135,-0.09511024066389571,0.8
2.511,TAKEOFF,-0.03008018434047699,-0.07137109339237213,-0.001401199260726571,-0.490095987082207,-0.09902486276646504,0.8
2.531,TAKEOFF,-0.03011186607182026,-0.07156374305486679,-0.0015306355198845267,-0.4892870246739223,-0.10294759582302304,0.8
2.551,TAKEOFF,-0.030248666182160378,-0.07154227048158646,-0.0015396839007735252,-0.4884494574517227,-0.10685095935515856,0.8
2.571,TAKEOFF,-0.02949543483555317,-0.07138937711715698,-0.0012440131977200508,-0.4875779837383644,-0.11075969381336886,0.8
2.59,TAKEOFF,-0.02963414043188095,-0.07123817503452301,-0.0010633841156959534,-0.4866759313909863,-0.11465835252922481,0.8
2.611,TAKEOFF,-0.029801510274410248,-0.07090781629085541,-0.0012603324139490724,-0.4857433165186378,-0.11854716553960473,0.8
2.631,TAKEOFF,-0.029835816472768784,-0.071001797914505,-0.0012692747404798865,-0.4847794649199178,-0.12242904227330287,0.8
2.65,TAKEOFF,-0.030228206887841225,-0.0712389424443245,-0.0016750463983044028,-0.4837868076009716,-0.1262945952575189,0.8
2.671,TAKEOFF,-0.030375206843018532,-0.0712500512599945,-0.0020108548924326897,-0.48276335233608775,-0.13015200974715063,0.8
2.691,TAKEOFF,-0.030455633997917175,-0.07136541604995728,-0.0021217053290456533,-0.4817032364520842,-0.1340223563126223,0.8
2.711,TAKEOFF,-0.030549537390470505,-0.07132735848426819,-0.002452750224620104,-0.4806109087879373,-0.13788819512210979,0.8
2.731,TAKEOFF,-0.03063574805855751,-0.07145724445581436,-0.002598696853965521,-0.47949597772723795,-0.14171664455313687,0.8
2.751,TAKEOFF,-0.030456362292170525,-0.0712369978427887,-0.0025625063572078943,-0.4783480660549249,-0.14554424654211923,0.8
2.771,TAKEOFF,-0.030538983643054962,-0.07128021866083145,-0.0027674739249050617,-0.4771640452631716,-0.14938029959832697,0.8
2.791,TAKEOFF,-0.030595334246754646,-0.07136960327625275,-0.0029469020664691925,-0.47595434660429053,-0.1531909264561151,0.8
2.811,TAKEOFF,-0.029603706672787666,-0.07092329114675522,-0.0016932364087551832,-0.4747198160453073,-0.15697482681598854,0.8
2.831,TAKEOFF,-0.02923722378909588,-0.07117517292499542,-0.0011451545869931579,-0.47344571328478813,-0.16077672895123282,0.8
2.851,TAKEOFF,-0.029171917587518692,-0.07127068191766739,-0.0010224917205050588,-0.47214354817428295,-0.16456144723901334,0.8
2.871,TAKEOFF,-0.029916761443018913,-0.07130555063486099,-0.0012603842187672853,-0.47082053537570695,-0.16830930891823154,0.8
2.891,TAKEOFF,-0.030076492577791214,-0.0710497498512268,-0.0014741735067218542,-0.4694514942132618,-0.17209094857352555,0.8
2.911,TAKEOFF,-0.03009091503918171,-0.0711173266172409,-0.0014557521790266037,-0.46806871459256905,-0.1758171732785514,0.8
2.931,TAKEOFF,-0.03022496961057186,-0.07137838751077652,-0.0015759491361677647,-0.46663894416999796,-0.1795775481064087,0.8
2.951,TAKEOFF,-0.029414964839816093,-0.07148244231939316,-0.0008033290505409241,-0.46519576372603516,-0.18328366378744967,0.8
2.971,TAKEOFF,-0.029343295842409134,-0.07105110585689545,-0.000606992281973362,-0.46371252089806264,-0.18700453995121039,0.8
2.991,TAKEOFF,-0.029288996011018753,-0.07115717977285385,-0.0005054059438407421,-0.46219182329673547,-0.19073205938603835,0.8
3.011,TAKEOFF,-0.0299555491656065,-0.07141437381505966,-0.0010662015993148088,-0.46065290033670153,-0.19441940595368795,0.8
3.031,TAKEOFF,-0.030122671276330948,-0.07112254202365875,-0.0014255979331210256,-0.45908590173874686,-0.1980912285405935,0.8
3.051,TAKEOFF,-0.030128391459584236,-0.07127223163843155,-0.001455729710869491,-0.4574816507941632,-0.20176852873192916,0.8
3.07,TAKEOFF,-0.030135082080960274,-0.07142866402864456,-0.001482737367041409,-0.45585395948871443,-0.2054194918172604,0.8
3.091,TAKEOFF,-0.029364963993430138,-0.07141797244548798,-0.0006650229333899915,-0.45419452016837286,-0.20906299971305664,0.8
3.111,TAKEOFF,-0.029031477868556976,-0.0715390294790268,-0.00037571438588202,-0.45251263312610496,-0.21267890553902882,0.8
3.131,TAKEOFF,-0.028898784890770912,-0.07171965390443802,-0.0002763904631137848,-0.4507967413534815,-0.2162921588617634,0.8
3.151,TAKEOFF,-0.028745418414473534,-0.07186324149370193,-0.00021244972595013678,-0.4490500904664258,-0.21989546664743861,0.8
3.171,TAKEOFF,-0.028602801263332367,-0.07206346094608307,-0.00011998703121207654,-0.44727615141977445,-0.2234816421344604,0.8
3.191,TAKEOFF,-0.02846432849764824,-0.07207824289798737,-0.00020648661302402616,-0.4454772326407637,-0.2270463283092833,0.8
3.211,TAKEOFF,-0.02836238034069538,-0.07213012874126434,-0.00027799775125458837,-0.44364240541432,-0.2306109627016811,0.8
3.231,TAKEOFF,-0.029177218675613403,-0.07165505737066269,-4.102356979274191e-05,-0.4417870941706176,-0.2341456030428114,0.8
3.251,TAKEOFF,-0.029840266332030296,-0.07157765328884125,-0.0005971493665128946,-0.43989752472139476,-0.23767660327425982,0.8
3.271,TAKEOFF,-0.029270993545651436,-0.07150276750326157,-0.0004705079481936991,-0.43797458167562436,-0.241201711863871,0.8
3.291,TAKEOFF,-0.02943338453769684,-0.07111352682113647,-0.0006310350727289915,-0.4360403328139298,-0.24468107437952236,0.8
3.311,TAKEOFF,-0.029597653076052666,-0.07166754454374313,-0.0008129766792990267,-0.43406616109764523,-0.2481664114862305,0.8
3.331,TAKEOFF,-0.02963261306285858,-0.07196174561977386,-0.0009166761301457882,-0.43207125833061233,-0.25162358340306906,0.8
3.351,TAKEOFF,-0.029626816511154175,-0.07214126735925674,-0.0009722176473587751,-0.430039139481668,-0.25508104303116397,0.8
3.371,TAKEOFF,-0.03014315292239189,-0.07125977426767349,-0.0016394173726439476,-0.4279808830130455,-0.25851956168803525,0.8
3.391,TAKEOFF,-0.02950051985681057,-0.07106843590736389,-0.0014727436937391758,-0.4259032268819094,-0.261928313344657,0.8
3.411,TAKEOFF,-0.029499854892492294,-0.07121860235929489,-0.0015699993818998337,-0.4237957394303506,-0.26532465253097454,0.8
3.431,TAKEOFF,-0.029853476211428642,-0.07169186323881149,-0.0016452681738883257,-0.42167431411460504,-0.2686834062907075,0.8
3.451,TAKEOFF,-0.029895607382059097,-0.07190026342868805,-0.0017452486790716648,-0.41951062596822375,-0.27204932402001863,0.8
3.471,TAKEOFF,-0.03034488670527935,-0.07152547687292099,-0.00228595151565969,-0.41730549367472214,-0.27541990659517773,0.8
3.49,TAKEOFF,-0.02991446852684021,-0.07148683071136475,-0.0014290111139416695,-0.4150903216069163,-0.2787472419742782,0.8
3.511,TAKEOFF,-0.029919438064098358,-0.07163556665182114,-0.0014539298135787249,-0.4128512830261839,-0.2820528640231008,0.8
3.531,TAKEOFF,-0.029928095638751984,-0.07179993391036987,-0.0014789223205298185,-0.4105799335637159,-0.28534911626780035,0.8
3.551,TAKEOFF,-0.030188975855708122,-0.07161324471235275,-0.0014602475566789508,-0.40828157892349803,-0.2886280518448189,0.8
3.571,TAKEOFF,-0.030309103429317474,-0.07128933072090149,-0.0019263806752860546,-0.40596257839780336,-0.2918807717897967,0.8
3.59,TAKEOFF,-0.030310655012726784,-0.07123082131147385,-0.0021930309012532234,-0.4036056184327912,-0.29513133478077885,0.8
3.611,TAKEOFF,-0.029711060225963593,-0.07106126844882965,-0.0014434396289288998,-0.4012528194313249,-0.29832226684981555,0.8
3.631,TAKEOFF,-0.029702022671699524,-0.07111353427171707,-0.0014420785009860992,-0.39883562871591666,-0.30154625062630025,0.8
3.651,TAKEOFF,-0.030121108517050743,-0.07116518914699554,-0.0017455489141866565,-0.3964168011994008,-0.3047190832994132,0.8
3.671,TAKEOFF,-0.03013368509709835,-0.07124921679496765,-0.0017648685025051236,-0.393953119721773,-0.3078976119775572,0.8
3.691,TAKEOFF,-0.0301505234092474,-0.07119999825954437,-0.001935172127559781,-0.39148563688528637,-0.31102893131109477,0.8
3.711,TAKEOFF,-0.030170142650604248,-0.07132971286773682,-0.001990839373320341,-0.38899098865694665,-0.31414329651242157,0.8
3.731,TAKEOFF,-0.03023720160126686,-0.07121052592992783,-0.002212322084233165,-0.38646218657731773,-0.31724907934599034,0.8
3.751,TAKEOFF,-0.029665669426321983,-0.07106661051511765,-0.0015079919248819351,-0.3839104209224816,-0.32033230980830363,0.8
3.771,TAKEOFF,-0.029627183452248573,-0.07117830216884613,-0.0014779458288103342,-0.38133618568361827,-0.3233925068523837,0.8
3.791,TAKEOFF,-0.02919345535337925,-0.07131477445363998,-0.000956630683504045,-0.3787384607020209,-0.32643097032154256,0.8
3.811,TAKEOFF,-0.02898256480693817,-0.07150023430585861,-0.0006630914285778999,-0.37611140481086863,-0.3294544144053846,0.8
3.831,TAKEOFF,-0.029037021100521088,-0.07197548449039459,-0.0005040135001763701,-0.37348208966135504,-0.33243214149986694,0.8
3.851,TAKEOFF,-0.028965232893824577,-0.07216981798410416,-0.000373430666513741,-0.3707900157162963,-0.33543220514003835,0.8
3.871,TAKEOFF,-0.028742168098688126,-0.07215425372123718,-0.00031019182642921805,-0.36808730160515984,-0.3383958309392007,0.8
3.891,TAKEOFF,-0.02863805927336216,-0.07234003394842148,-0.00019152567256242037,-0.36537685104573386,-0.3413206069370902,0.8
3.911,TAKEOFF,-0.028532469645142555,-0.07253769785165787,-7.199757965281606e-05,-0.36263712090853045,-0.34423003724133644,0.8
3.931,TAKEOFF,-0.02975073643028736,-0.07179833203554153,-0.00047855518641881645,-0.35987693869054266,-0.34711466260981166,0.8
3.951,TAKEOFF,-0.030184319242835045,-0.0716623067855835,-0.0006872023222967982,-0.357084198650475,-0.34998696414887814,0.8
3.971,TAKEOFF,-0.02996188960969448,-0.07147292792797089,-0.0008681798353791237,-0.35426459752903167,-0.35284075010915794,0.8
3.991,TAKEOFF,-0.03004232607781887,-0.07156262546777725,-0.0008970600320026278,-0.3514383013287492,-0.35565590162285127,0.8
4.011,TAKEOFF,-0.029957786202430725,-0.07165447622537613,-0.00106485141441226,-0.348600539969875,-0.35843780985369217,0.8
4.031,TAKEOFF,-0.02936463989317417,-0.07174919545650482,-0.0007053480367176235,-0.3457109610026464,-0.36122559632814877,0.8
4.051,TAKEOFF,-0.029972616583108902,-0.07148463279008865,-0.0009359588730148971,-0.342797457123926,-0.3639916254385121,0.8
4.071,TAKEOFF,-0.02942051738500595,-0.07135145366191864,-0.0007051086286082864,-0.3398806388647973,-0.36671671808748674,0.8
4.091,TAKEOFF,-0.029446786269545555,-0.07144181430339813,-0.0006998404860496521,-0.33692961578163977,-0.3694298769851142,0.8
4.111,TAKEOFF,-0.029716026037931442,-0.07120995223522186,-0.0006450686487369239,-0.3339727625479192,-0.37210508445345275,0.8
4.131,TAKEOFF,-0.029824256896972656,-0.07161423563957214,-0.0008503398858010769,-0.3309852694129832,-0.37476492823050417,0.8
4.15,TAKEOFF,-0.030028069391846657,-0.07151943445205688,-0.0011592356022447348,-0.32796532781226573,-0.37741057716099197,0.8
4.171,TAKEOFF,-0.029521239921450615,-0.07179269194602966,-0.0008371883886866271,-0.3249502248873594,-0.3800096727001229,0.8
4.191,TAKEOFF,-0.029564833268523216,-0.0719350278377533,-0.0008433061884716153,-0.32188486094930946,-0.38260963956968425,0.8
4.211,TAKEOFF,-0.029618263244628906,-0.07208947837352753,-0.0008454466587863863,-0.31881823728562686,-0.3851687053410307,0.8
4.231,TAKEOFF,-0.02967730164527893,-0.07225707173347473,-0.0008487760205753148,-0.3157319717051112,-0.3877026206297849,0.8
4.25,TAKEOFF,-0.030316928401589394,-0.07184911519289017,-0.0010161513928323984,-0.3126220324820602,-0.39021463940603984,0.8
4.27,TAKEOFF,-0.030448565259575844,-0.07197105884552002,-0.001042059506289661,-0.309484805017863,-0.3927074680510358,0.8
4.29,TAKEOFF,-0.03022877685725689,-0.07133016735315323,-0.001842009136453271,-0.3063313186407709,-0.3951722703072756,0.8
4.311,TAKEOFF,-0.030320513993501663,-0.07137807458639145,-0.001952360849827528,-0.30316741717488455,-0.39760472477513337,0.8
4.331,TAKEOFF,-0.03040979988873005,-0.07115291059017181,-0.0022768068592995405,-0.29997382500432024,-0.4000196299086802,0.8
4.351,TAKEOFF,-0.030441438779234886,-0.07118842005729675,-0.0024709871504455805,-0.2967632233990379,-0.4024072430235479,0.8
4.371,TAKEOFF,-0.03030441701412201,-0.07117728143930435,-0.0022874611895531416,-0.29352547363193404,-0.40477499469353195,0.8
4.391,TAKEOFF,-0.030146172270178795,-0.07114405184984207,-0.0023186514154076576,-0.290286421179956,-0.40710415581093395,0.8
4.411,TAKEOFF,-0.03020469844341278,-0.07124044001102448,-0.002396397525444627,-0.28702146897586445,-0.4094125991551028,0.8
4.434,TAKEOFF,-0.03020469844341278,-0.07124044001102448,-0.002396397525444627,-0.2835085495708711,-0.4118530105756433,0.8
4.451,TAKEOFF,-0.029647793620824814,-0.07113584131002426,-0.001657823333516717,-0.28004038111631574,-0.41421900601521006,0.8
4.472,TAKEOFF,-0.029647793620824814,-0.07113584131002426,-0.001657823333516717,-0.27712783198131885,-0.41617323885773083,0.8
4.491,TAKEOFF,-0.030153881758451462,-0.0711226612329483,-0.0017926711589097977,-0.2737925293916409,-0.4183750122190945,0.8
4.511,TAKEOFF,-0.03019586391746998,-0.07122872769832611,-0.0017831198638305068,-0.270024457724851,-0.4208168155271366,0.8
4.531,TAKEOFF,-0.030243799090385437,-0.07134652882814407,-0.0017699000891298056,-0.26705865691342995,-0.42270518540419505,0.8
4.551,TAKEOFF,-0.030243799090385437,-0.07134652882814407,-0.0017699000891298056,-0.2636770169584563,-0.4248228227483664,0.8
4.571,TAKEOFF,-0.030388230457901955,-0.07125011086463928,-0.0021762677934020758,-0.2601785049155488,-0.4269744085772703,0.8
4.59,TAKEOFF,-0.030216574668884277,-0.07128602266311646,-0.0019278479740023613,-0.2568472984609901,-0.42898655605192465,0.8
4.611,TAKEOFF,-0.030242586508393288,-0.07139991968870163,-0.0019337402191013098,-0.25340648692981654,-0.43102801809382263,0.8
4.631,TAKEOFF,-0.03026682883501053,-0.07153058052062988,-0.0019418942974880338,-0.2499483767890616,-0.4330425024642654,0.8
4.65,TAKEOFF,-0.03029419295489788,-0.0716780349612236,-0.0019565760158002377,-0.24647607873579194,-0.4350282089830816,0.8
4.67,TAKEOFF,-0.030124375596642494,-0.07154715806245804,-0.0018678689375519753,-0.24298171349233721,-0.43698957299726016,0.8
4.691,TAKEOFF,-0.03011377528309822,-0.07169072329998016,-0.0018798925448209047,-0.23947559251110004,-0.43892076801110425,0.8
4.711,TAKEOFF,-0.029156707227230072,-0.07193385064601898,-0.0009711947059258819,-0.2359605137275431,-0.4408204123692935,0.8
4.731,TAKEOFF,-0.029262468218803406,-0.07139208167791367,-0.0008101481944322586,-0.23243555989188985,-0.4426891804615781,0.8
4.751,TAKEOFF,-0.029633110389113426,-0.07129422575235367,-0.0009128088131546974,-0.22888359733608532,-0.44453604901120536,0.8
4.77,TAKEOFF,-0.029832996428012848,-0.07094686478376389,-0.00130824267398566,-0.22529529396794096,-0.44636535541627675,0.8
4.79,TAKEOFF,-0.029379546642303467,-0.07107212394475937,-0.0008994326344691217,-0.22172955477866388,-0.44814730227644517,0.8
4.811,TAKEOFF,-0.029109252616763115,-0.07129064947366714,-0.0006059879087843001,-0.21814843543184045,-0.44990138932730595,0.8
4.831,TAKEOFF,-0.03010448068380356,-0.07133091241121292,-0.0009693070314824581,-0.21453771990479203,-0.4516343285646619,0.8
4.851,TAKEOFF,-0.029995687305927277,-0.07155532389879227,-0.0010994726326316595,-0.21090122029649502,-0.453343881923479,0.8
4.871,TAKEOFF,-0.029975781217217445,-0.07172739505767822,-0.0011075945803895593,-0.20726116672129785,-0.45501956965533513,0.8
4.891,TAKEOFF,-0.029959144070744514,-0.07191922515630722,-0.0011225391644984484,-0.20361167645123832,-0.45666430253821705,0.8
4.911,TAKEOFF,-0.02920428290963173,-0.07190334051847458,-0.0007445416995324194,-0.19996128545762107,-0.4582744639603387,0.8
4.931,TAKEOFF,-0.029792768880724907,-0.0711422935128212,-0.0009859303245320916,-0.19628868977772493,-0.4598594896980425,0.8
4.951,TAKEOFF,-0.02933943271636963,-0.07111991941928864,-0.00047732924576848745,-0.19260383944088952,-0.4614149553629878,0.8
4.971,TAKEOFF,-0.029572758823633194,-0.07064014673233032,-0.0006357559468597174,-0.18891182978872553,-0.46293878706139496,0.8
4.991,TAKEOFF,-0.029784459620714188,-0.07073506712913513,-0.0013002346968278289,-0.18520958125811732,-0.46443235353514384,0.8
5.011,TRACK,-0.02966059371829033,-0.0713641569018364,-0.0009905074257403612,-0.18147566473036583,-0.46590404925335416,0.8
5.031,TRACK,-0.029859455302357674,-0.07134021818637848,-0.0011732187122106552,-0.17774993321107654,-0.4673381658322567,0.8
5.051,TRACK,-0.029371673241257668,-0.07124917954206467,-0.0010582554386928678,-0.1739975368023472,-0.4687481809956342,0.8
5.071,TRACK,-0.029900316148996353,-0.0709705799818039,-0.0010900504421442747,-0.17026704453055824,-0.4701160851819781,0.8
5.091,TRACK,-0.02984643541276455,-0.07102014124393463,-0.0011246156645938754,-0.16646474077690593,-0.4714758637280147,0.8
5.111,TRACK,-0.02978927083313465,-0.07107638567686081,-0.0011605897452682257,-0.16269351242145816,-0.4727904620611216,0.8
5.131,TRACK,-0.029728218913078308,-0.0711410865187645,-0.0011948492610827088,-0.1589166963940372,-0.4740732892783619,0.8
5.151,TRACK,-0.029666440561413765,-0.07122262567281723,-0.0012309667654335499,-0.1551145810825149,-0.47533090235708,0.8
5.171,TRACK,-0.02959621325135231,-0.07132095098495483,-0.0012703733518719673,-0.1513328740977505,-0.47654838287136636,0.8
5.191,TRACK,-0.029862970113754272,-0.07084837555885315,-0.0015954714035615325,-0.14746584396601675,-0.47775917036032955,0.8
5.211,TRACK,-0.02983911521732807,-0.07089260220527649,-0.0016781816957518458,-0.14366188716408937,-0.4789167591309083,0.8
5.231,TRACK,-0.029905924573540688,-0.07076038420200348,-0.0018756911158561707,-0.1398330965364139,-0.4800486486941068,0.8
5.251,TRACK,-0.029900867491960526,-0.07101128250360489,-0.0021233572624623775,-0.13599245298787735,-0.48115075883795505,0.8
5.271,TRACK,-0.029837101697921753,-0.07113774865865707,-0.002230466343462467,-0.13211806106313964,-0.4822290098500053,0.8
5.291,TRACK,-0.030295394361019135,-0.07113088667392731,-0.0023644210305064917,-0.12825927224193295,-0.48326965462769306,0.8
5.311,TRACK,-0.03032044880092144,-0.07123144716024399,-0.002481999108567834,-0.1243928427941659,-0.48427927961207046,0.8
5.331,TRACK,-0.030348438769578934,-0.07134205102920532,-0.002603222383186221,-0.12051823642956028,-0.4852580289783041,0.8
5.351,TRACK,-0.03033764846622944,-0.07129417359828949,-0.002533849561586976,-0.11664015060849887,-0.4862047668071825,0.8
5.37,TRACK,-0.03017333336174488,-0.0711970329284668,-0.0025115730240941048,-0.11275987919927699,-0.48711929713671215,0.8
5.39,TRACK,-0.030205953866243362,-0.07133004814386368,-0.002601723885163665,-0.10883302009784462,-0.4880116532792861,0.8
5.411,TRACK,-0.030369285494089127,-0.07130081206560135,-0.0027741927187889814,-0.10492399770359422,-0.48886701126778453,0.8
5.431,TRACK,-0.029824310913681984,-0.07081518322229385,-0.0016795606352388859,-0.10103926407954461,-0.4896846608933795,0.8
5.451,TRACK,-0.029844112694263458,-0.07090310752391815,-0.0016369142103940248,-0.09709628703893644,-0.49048171326080287,0.8
5.471,TRACK,-0.02986755780875683,-0.07100216299295425,-0.0015940405428409576,-0.09316787271600374,-0.4912430635577204,0.8
5.491,TRACK,-0.029385970905423164,-0.07108265161514282,-0.0007029849803075194,-0.08922096395490998,-0.4919752225376362,0.8
5.511,TRACK,-0.029367724433541298,-0.07120934873819351,-0.0005595721304416656,-0.08529729404441293,-0.4926706522908595,0.8
5.531,TRACK,-0.02936040610074997,-0.07135038822889328,-0.0004191845655441284,-0.08135013994230883,-0.49333776941499907,0.8
5.551,TRACK,-0.029892222955822945,-0.07096008211374283,-0.0012865166645497084,-0.07742424639835528,-0.4939691144896073,0.8
5.571,TRACK,-0.030055008828639984,-0.07116829603910446,-0.0014403704553842545,-0.07344676169638432,-0.49457615510284614,0.8
5.591,TRACK,-0.03012966364622116,-0.07129047065973282,-0.0014570129569619894,-0.06948203996739218,-0.4951487111181546,0.8
5.611,TRACK,-0.030205542221665382,-0.07142269611358643,-0.0014774843584746122,-0.0655232583348799,-0.49568811022373793,0.8
5.631,TRACK,-0.03030698373913765,-0.07154326140880585,-0.0016102070221677423,-0.06156776963569831,-0.4961949311934631,0.8
5.651,TRACK,-0.030390342697501183,-0.07170052081346512,-0.001635134220123291,-0.057574639708176584,-0.4966740992466525,0.8
5.671,TRACK,-0.030362842604517937,-0.0713057816028595,-0.0020046099089086056,-0.05360267451798861,-0.49711844995385013,0.8
5.691,TRACK,-0.03031289018690586,-0.07136895507574081,-0.0019331135554239154,-0.04962605068611407,-0.49753115992196834,0.8
5.711,TRACK,-0.030268650501966476,-0.07143204659223557,-0.001858908566646278,-0.04564791595008756,-0.49791190763970866,0.8
5.731,TRACK,-0.02990764006972313,-0.07097114622592926,-0.001610882580280304,-0.041659452339011055,-0.4982614675356842,0.8
5.751,TRACK,-0.029451550915837288,-0.07116192579269409,-0.0011511014308780432,-0.03766903074122333,-0.4985790249529324,0.8
5.771,TRACK,-0.029465172439813614,-0.0713258758187294,-0.0010718642733991146,-0.033671960447751496,-0.4988649106517766,0.8
5.791,TRACK,-0.029085131362080574,-0.07147339731454849,-0.0006708416040055454,-0.029687387982942494,-0.4991178808605741,0.8
5.811,TRACK,-0.02906331978738308,-0.07166141271591187,-0.0005404911935329437,-0.025696112863979957,-0.49933927322380883,0.8
5.831,TRACK,-0.02984401024878025,-0.07149723917245865,-0.0006501759635284543,-0.021703290599837076,-0.49952874509595446,0.8
5.851,TRACK,-0.029918931424617767,-0.0716562420129776,-0.0005778214544989169,-0.017708842920049282,-0.4996862984737855,0.8
5.871,TRACK,-0.029862327501177788,-0.07147179543972015,-0.0006705731502734125,-0.013717457848188291,-0.499811795929411,0.8
5.891,TRACK,-0.030001595616340637,-0.07096749544143677,-0.001084242365323007,-0.009709989540116247,-0.49990570721200095,0.8
5.911,TRACK,-0.030103035271167755,-0.07125023007392883,-0.0012198580661788583,-0.005702326252989355,-0.49996748241791134,0.8
5.931,TRACK,-0.029588596895337105,-0.07122805714607239,-0.000920522608794272,-0.0017239556282033423,-0.49999702796815904,0.8
5.951,TRACK,-0.029306942597031593,-0.07163132727146149,-0.0007733649108558893,0.0022895236318282953,-0.4999947580540613,0.8
5.971,TRACK,-0.02933860756456852,-0.07183363288640976,-0.0007381653995253146,0.006287883873146934,-0.49996046095306157,0.8
5.991,TRACK,-0.029049376025795937,-0.07192187756299973,-0.0005980050773359835,0.01029103841475534,-0.4998940833100008,0.8
6.011,TRACK,-0.029741870239377022,-0.07117122411727905,-0.0006928141810931265,0.014292150846633728,-0.4997956926826972,0.8
6.031,TRACK,-0.029982976615428925,-0.07099776715040207,-0.0012054085964336991,0.018271952535416854,-0.49966602421071565,0.8
6.051,TRACK,-0.02953328564763069,-0.07100144028663635,-0.0008121306891553104,0.022270078672715358,-0.49950379737886985,0.8
6.071,TRACK,-0.029574822634458542,-0.07110579311847687,-0.0008145514875650406,0.02626849275893039,-0.4993094894834005,0.8
6.091,TRACK,-0.02927161566913128,-0.07124168425798416,-0.00048810121370479465,0.03026717447459813,-0.4990830573655293,0.8
6.111,TRACK,-0.029940010979771614,-0.07105275243520737,-0.0010526813566684723,0.03424840579527434,-0.4988256676439999,0.8
6.131,TRACK,-0.030009359121322632,-0.0711740255355835,-0.0010962692322209477,0.038236490045224635,-0.49853582702652516,0.8
6.151,TRACK,-0.030110245570540428,-0.07137828320264816,-0.0011664096964523196,0.04223652541157684,-0.4982128821308791,0.8
6.171,TRACK,-0.030181309208273888,-0.07152686268091202,-0.0012147512752562761,0.04621712718930346,-0.49785939496444953,0.8
6.191,TRACK,-0.02978479489684105,-0.0713266059756279,-0.0007537543424405158,0.05020953128769477,-0.49747261529442,0.8
6.211,TRACK,-0.029695071280002594,-0.07066857069730759,-0.0007153803016990423,0.05418130728271755,-0.4970557171395735,0.8
6.231,TRACK,-0.02980547957122326,-0.07099168002605438,-0.0006384710432030261,0.058145553794150595,-0.49660758610191563,0.8
6.251,TRACK,-0.029799889773130417,-0.07111664861440659,-0.0006198313785716891,0.06211125578070095,-0.49612719327340277,0.8
6.271,TRACK,-0.029793936759233475,-0.07125038653612137,-0.0006006992189213634,0.0660990364110808,-0.4956116598563099,0.8
6.291,TRACK,-0.029325921088457108,-0.07161083072423935,-0.0005207729991525412,0.0700577553327053,-0.49506758217211394,0.8
6.311,TRACK,-0.029887884855270386,-0.07139549404382706,-0.0007106561097316444,0.07400006857015867,-0.49449367018356444,0.8
6.331,TRACK,-0.029311271384358406,-0.0715913474559784,-0.0006439466960728168,0.0779678754342751,-0.49388360005194076,0.8
6.351,TRACK,-0.02971811220049858,-0.07141803205013275,-0.0007816041470505297,0.08191169942258672,-0.4932448413290339,0.8
6.371,TRACK,-0.029740694910287857,-0.07091964036226273,-0.0009100055904127657,0.08587298270218507,-0.49257063538322116,0.8
6.391,TRACK,-0.029937200248241425,-0.07146754860877991,-0.0011312521528452635,0.08979902700920184,-0.49187003847378286,0.8
6.411,TRACK,-0.03022397682070732,-0.07119130343198776,-0.0015187206445261836,0.09372797670927947,-0.4911365048354528,0.8
6.431,TRACK,-0.030401144176721573,-0.07153772562742233,-0.001715305377729237,0.09763246486416624,-0.4903752663058643,0.8
6.451,TRACK,-0.03044799529016018,-0.07173514366149902,-0.0018459460698068142,0.10154888883074255,-0.4895792307453835,0.8
6.471,TRACK,-0.030494121834635735,-0.07194149494171143,-0.001982819987460971,0.10549201182143625,-0.4887447548995958,0.8
6.491,TRACK,-0.030675994232296944,-0.07180926948785782,-0.0027516682166606188,0.10940557447652809,-0.48788361345044257,0.8
6.51,TRACK,-0.02939012087881565,-0.07119089365005493,-0.0019099605269730091,0.11330760501032378,-0.4869921833528999,0.8
6.531,TRACK,-0.02978021278977394,-0.07089429348707199,-0.001973159611225128,0.11717043558207495,-0.4860772459450317,0.8
6.55,TRACK,-0.029801897704601288,-0.07103561609983444,-0.0020950431935489178,0.12105604544192898,-0.48512414273251914,0.8
6.571,TRACK,-0.029950488358736038,-0.07117299735546112,-0.0017381093930453062,0.12494406226400737,-0.48413735789026635,0.8
6.591,TRACK,-0.03009149804711342,-0.07099243998527527,-0.0018720738589763641,0.12884638315989622,-0.48311345411467604,0.8
6.611,TRACK,-0.029426949098706245,-0.07110618054866791,-0.0013746039476245642,0.13267691796785663,-0.4820755495133005,0.8
6.631,TRACK,-0.029711537063121796,-0.07109590619802475,-0.0014734442811459303,0.1365215254700867,-0.481000907570163,0.8
6.651,TRACK,-0.02934125065803528,-0.07116260379552841,-0.0011684740893542767,0.140365760085188,-0.47989316873207044,0.8
6.671,TRACK,-0.029344188049435616,-0.07118404656648636,-0.0009345260332338512,0.14421507083861174,-0.4787504708540914,0.8
6.69,TRACK,-0.02931804768741131,-0.07132911682128906,-0.0008539461414329708,0.14803581512673786,-0.4775828697092917,0.8
6.711,TRACK,-0.02999122254550457,-0.07137399166822433,-0.0012882285518571734,0.15184901611732843,-0.4763841688219701,0.8
6.731,TRACK,-0.030021145939826965,-0.07151459157466888,-0.00135160016361624,0.15565532199153126,-0.4751541020929028,0.8
6.751,TRACK,-0.030082769691944122,-0.07166353613138199,-0.0013775413390249014,0.1594522076128295,-0.473893441068132,0.8
6.77,TRACK,-0.029528189450502396,-0.07142990827560425,-0.0010343139292672276,0.16323920021300448,-0.47260233126151485,0.8
6.79,TRACK,-0.029158450663089752,-0.07151889055967331,-0.0007859519100748003,0.16702702121019608,-0.47127696122943324,0.8
6.81,TRACK,-0.02982911840081215,-0.07151603698730469,-0.0009838888654485345,0.17077741755772144,-0.46993092434135003,0.8
6.831,TRACK,-0.02989833988249302,-0.07165840268135071,-0.0009801799897104502,0.17452956905237674,-0.468550348976918,0.8
6.851,TRACK,-0.030264725908637047,-0.07156533002853394,-0.0011070544132962823,0.17827506091935968,-0.4671380980547386,0.8
6.871,TRACK,-0.029790084809064865,-0.07086227089166641,-0.0010401303879916668,0.1820131681710222,-0.46569432744274136,0.8
6.891,TRACK,-0.02982061356306076,-0.07093974947929382,-0.0010503832018002868,0.1857266127805733,-0.4642258343791898,0.8
6.911,TRACK,-0.02996208891272545,-0.07117185741662979,-0.0012778639793395996,0.18943972854864405,-0.4627230156880205,0.8
6.931,TRACK,-0.0294377151876688,-0.07116907835006714,-0.000833094643894583,0.19311944177188056,-0.46119939419920886,0.8
6.951,TRACK,-0.02941739186644554,-0.07129158824682236,-0.000812159909401089,0.19680610186824724,-0.4596382906889124,0.8
6.971,TRACK,-0.029403384774923325,-0.07142700999975204,-0.0007956875488162041,0.20049158877285508,-0.4580427085232734,0.8
6.991,TRACK,-0.029135825112462044,-0.07186512649059296,-0.0005975488456897438,0.20414612051466385,-0.45642563630761623,0.8
7.011,TRACK,-0.02909003011882305,-0.0720663070678711,-0.000552052166312933,0.20779450696175328,-0.45477625584073966,0.8
7.031,TRACK,-0.028965134173631668,-0.07215148955583572,-0.00041382902418263257,0.21141643248314068,-0.4531038424865779,0.8
7.051,TRACK,-0.02987048029899597,-0.07156267762184143,-0.0007007712265476584,0.21502950521455758,-0.4514003897729626,0.8
7.071,TRACK,-0.030141064897179604,-0.07161527872085571,-0.0008492057677358389,0.21863768786236143,-0.44966383159667245,0.8
7.09,TRACK,-0.029399698600172997,-0.0713682696223259,-0.0007005051011219621,0.2222331715860612,-0.44789777566627886,0.8
7.111,TRACK,-0.029390642419457436,-0.07149585336446762,-0.0006955254357308149,0.22578954522199332,-0.4461155469925313,0.8
7.131,TRACK,-0.029550718143582344,-0.07189887762069702,-0.0007389560923911631,0.22934255913027676,-0.4442994379600041,0.8
7.151,TRACK,-0.02956841140985489,-0.07208364456892014,-0.000738570757675916,0.23292531313897338,-0.4424316879464119,0.8
7.171,TRACK,-0.029591169208288193,-0.07227922230958939,-0.0007391312974505126,0.2364512218442158,-0.4405573965879786,0.8
7.191,TRACK,-0.030274957418441772,-0.07181626558303833,-0.0010325872572138906,0.23997137848448494,-0.43864990312122043,0.8
7.21,TRACK,-0.030103743076324463,-0.07172966003417969,-0.0013060127384960651,0.2434650695958916,-0.4367204596611746,0.8
7.231,TRACK,-0.030369143933057785,-0.07155504822731018,-0.0013635490322485566,0.24694540448150024,-0.4347619661440824,0.8
7.251,TRACK,-0.03046105057001114,-0.07166879624128342,-0.001427953946404159,0.25041634177374134,-0.43277205983364586,0.8
7.271,TRACK,-0.0305556021630764,-0.07179903239011765,-0.0014933013590052724,0.2538726830720789,-0.4307535963747532,0.8
7.29,TRACK,-0.030623389407992363,-0.07170937955379486,-0.0013061405625194311,0.257308994305775,-0.42870978697640044,0.8
7.311,TRACK,-0.03067960776388645,-0.0717298686504364,-0.0011966966558247805,0.260727754237852,-0.4266392365571716,0.8
7.331,TRACK,-0.030781323090195656,-0.0718495100736618,-0.0012119375169277191,0.2641426069834506,-0.4245334888745367,0.8
7.351,TRACK,-0.030888346955180168,-0.07198008894920349,-0.0012244354002177715,0.2675236957739566,-0.42241102281953236,0.8
7.371,TRACK,-0.030347347259521484,-0.07131381332874298,-0.0020956790540367365,0.2709029207339526,-0.42025183823252193,0.8
7.391,TRACK,-0.03035462647676468,-0.07123493403196335,-0.0023388077970594168,0.2742548719473575,-0.41807208136054547,0.8
7.411,TRACK,-0.030166642740368843,-0.07129106670618057,-0.002233152976259589,0.2775936477896885,-0.4158626777036073,0.8
7.431,TRACK,-0.03019430674612522,-0.07135023176670074,-0.0023132115602493286,0.2809021997847186,-0.4136350494773213,0.8
7.451,TRACK,-0.030090073123574257,-0.07127644866704941,-0.002189929597079754,0.28420723533307796,-0.4113711795742726,0.8
7.471,TRACK,-0.030228879302740097,-0.07140327244997025,-0.0021114032715559006,0.28748934505524315,-0.40908419240995775,0.8
7.491,TRACK,-0.030289176851511,-0.07145076990127563,-0.002083039144054055,0.29077252612765436,-0.4067570995684557,0.8
7.51,TRACK,-0.030465245246887207,-0.07124602794647217,-0.0024413769133388996,0.29399695316234054,-0.4044326786144519,0.8
7.531,TRACK,-0.030535073950886726,-0.07123252004384995,-0.0026047471910715103,0.2972164506115596,-0.4020726072314133,0.8
7.551,TRACK,-0.030443845316767693,-0.07116630673408508,-0.0026002831291407347,0.3004233307676787,-0.3996821516285834,0.8
7.571,TRACK,-0.030471285805106163,-0.07124131917953491,-0.0026874993927776814,0.3036176916263161,-0.3972609939718563,0.8
7.591,TRACK,-0.030501004308462143,-0.07132261991500854,-0.0027778123039752245,0.306791674857026,-0.39481497975434116,0.8
7.611,TRACK,-0.030186451971530914,-0.07117640227079391,-0.002488194964826107,0.30993906854239733,-0.3923490458648665,0.8
7.631,TRACK,-0.029995830729603767,-0.07118090242147446,-0.0023544218856841326,0.31306482053559204,-0.3898594851263947,0.8
7.651,TRACK,-0.02994208037853241,-0.07114844769239426,-0.002296663820743561,0.3161655522740968,-0.38734912360197143,0.8
7.67,TRACK,-0.029923701658844948,-0.07122421264648438,-0.0023123659193515778,0.31924061353517164,-0.38481869844082056,0.8
7.691,TRACK,-0.029906952753663063,-0.07131066918373108,-0.0023297383449971676,0.32233424684994827,-0.382231125508738,0.8
7.711,TRACK,-0.029893435537815094,-0.07140432298183441,-0.0023498733062297106,0.3253764234863855,-0.3796448116848277,0.8
7.731,TRACK,-0.03014225885272026,-0.0712086632847786,-0.002451593754813075,0.32839727379195793,-0.3770347869441357,0.8
7.751,TRACK,-0.030229613184928894,-0.07119439542293549,-0.002524701878428459,0.3314143981885347,-0.3743854920711156,0.8
7.771,TRACK,-0.030297573655843735,-0.07121412456035614,-0.0025966973043978214,0.33439249650397784,-0.3717279358372695,0.8
7.791,TRACK,-0.02945997193455696,-0.07076872885227203,-0.0011223445180803537,0.33736082889594593,-0.36903613796841134,0.8
7.811,TRACK,-0.02941158413887024,-0.07080326974391937,-0.0010007992386817932,0.3402978863248867,-0.36632956277485235,0.8
7.831,TRACK,-0.029184365645051003,-0.07097310572862625,-0.00045153580140322447,0.3432159002317883,-0.3635970927112635,0.8
7.85,TRACK,-0.029056895524263382,-0.07113993167877197,-6.239661888685077e-05,0.34610977172647234,-0.36084349227254914,0.8
7.871,TRACK,-0.028988974168896675,-0.07126379758119583,0.00017507048323750496,0.34898971325447414,-0.35805890582774214,0.8
7.891,TRACK,-0.028968440368771553,-0.071395143866539,0.0003435508406255394,0.35184962400659653,-0.3552489860455856,0.8
7.911,TRACK,-0.028906846418976784,-0.07149096578359604,0.0005131935467943549,0.3546799540573039,-0.35242322595128256,0.8
7.931,TRACK,-0.028843235224485397,-0.07201721519231796,7.323740283027291e-05,0.35748325673250486,-0.3495793488693547,0.8
7.951,TRACK,-0.029658203944563866,-0.0718190148472786,-0.0001313791290158406,0.36026927932505315,-0.3467074362839753,0.8
7.971,TRACK,-0.02936561219394207,-0.07199642062187195,-0.00012823223369196057,0.36303164036049973,-0.3438139440121136,0.8
7.99,TRACK,-0.030038999393582344,-0.07169229537248611,-0.00035974077763967216,0.3657664066560191,-0.3409031178530693,0.8
8.011,TRACK,-0.029941072687506676,-0.07195108383893967,-0.0005017014918848872,0.3684829268564773,-0.3379649872624145,0.8
8.031,TRACK,-0.030140403658151627,-0.07112078368663788,-0.0010366667993366718,0.37117856194247867,-0.33500220171562084,0.8
8.051,TRACK,-0.030116526409983635,-0.07128988951444626,-0.0011333250440657139,0.3738328015864717,-0.3320377033681713,0.8
8.071,TRACK,-0.030069056898355484,-0.07150404900312424,-0.0013985388213768601,0.3764704259018155,-0.32904409798886475,0.8
8.09,TRACK,-0.029764868319034576,-0.0709085762500763,-0.001259388169273734,0.37910982197594545,-0.3259996056460298,0.8
8.111,TRACK,-0.02962212637066841,-0.07108303904533386,-0.00110843894071877,0.38170340871510605,-0.32295898776047205,0.8
8.131,TRACK,-0.029788080602884293,-0.07158099114894867,-0.0011989190243184566,0.38427636154772143,-0.3198932289931202,0.8
8.151,TRACK,-0.029079513624310493,-0.07166608422994614,-0.0009319143136963248,0.3868175309491561,-0.3168157157566503,0.8
8.17,TRACK,-0.02948661334812641,-0.07128863036632538,-0.0008515921072103083,0.3893450343020738,-0.3137043899347234,0.8
8.19,TRACK,-0.029395606368780136,-0.07146614044904709,-0.0008567338809370995,0.3918456467278416,-0.31057525519661017,0.8
8.21,TRACK,-0.029304778203368187,-0.07165808975696564,-0.0008664440247230232,0.3943123448348129,-0.3074374321888465,0.8
8.231,TRACK,-0.030070018023252487,-0.07126199454069138,-0.0015675276517868042,0.39675867548855537,-0.30427381324157227,0.8
8.251,TRACK,-0.029989788308739662,-0.07104900479316711,-0.0013429754180833697,0.39917715522804537,-0.3010940031685204,0.8
8.271,TRACK,-0.0296527910977602,-0.0714917853474617,-0.0011118699330836535,0.40157790677203203,-0.29788451586578507,0.8
8.291,TRACK,-0.029620680958032608,-0.07164307683706284,-0.0011541947023943067,0.4039540902784068,-0.2946541921428317,0.8
8.311,TRACK,-0.02966301143169403,-0.07185292989015579,-0.0011898470111191273,0.4062952295431909,-0.29141754657268976,0.8
8.331,TRACK,-0.029644642025232315,-0.07203354686498642,-0.0012372194323688745,0.4086156300077845,-0.2881549356046871,0.8
8.35,TRACK,-0.028914615511894226,-0.07205753773450851,-0.0008881601970642805,0.41090051311804876,-0.2848872905542194,0.8
8.371,TRACK,-0.028792014345526695,-0.07221487164497375,-0.0008936063968576491,0.413166087127253,-0.28159152055407344,0.8
8.391,TRACK,-0.028669698163866997,-0.07238316535949707,-0.0008976557874120772,0.41541480709361217,-0.27826343282468324,0.8
8.41,TRACK,-0.02898755855858326,-0.07249312847852707,-0.0005284446524456143,0.4176136462060364,-0.27495243680043907,0.8
8.431,TRACK,-0.02892070822417736,-0.07268120348453522,-0.0004928206326439977,0.4198091233918849,-0.2715884753021327,0.8
8.45,TRACK,-0.029391499236226082,-0.07142967730760574,-0.0008351014112122357,0.4219652769947249,-0.2682262198420674,0.8
8.471,TRACK,-0.029411477968096733,-0.07126668840646744,-0.0007385342032648623,0.4240963214152855,-0.26484393548281,0.8
8.491,TRACK,-0.029456743970513344,-0.07131227850914001,-0.0007391207036562264,0.426209430763218,-0.2614297632797262,0.8
8.511,TRACK,-0.02988993003964424,-0.07123257964849472,-0.0009993306593969464,0.42828582802576104,-0.2580140490599073,0.8
8.531,TRACK,-0.02998463809490204,-0.07130081951618195,-0.0010574150364845991,0.430323950194651,-0.25460027079496905,0.8
8.551,TRACK,-0.030082354322075844,-0.07137859612703323,-0.001114586484618485,0.4323419764312007,-0.25115814821654325,0.8
8.571,TRACK,-0.03016447089612484,-0.07154131680727005,-0.0013228364987298846,0.43434539095297336,-0.24767737352836394,0.8
8.591,TRACK,-0.029546238481998444,-0.07181984186172485,-0.0007853885763324797,0.43632357684137696,-0.24417562591779515,0.8
8.611,TRACK,-0.03012741170823574,-0.07109981775283813,-0.0014001508243381977,0.43825815377251315,-0.24068608321194684,0.8
8.631,TRACK,-0.029818188399076462,-0.07148842513561249,-0.0010800244053825736,0.4401688268721784,-0.23717378406976228,0.8
8.651,TRACK,-0.030184412375092506,-0.07105248421430588,-0.0014248685911297798,0.44204714078499246,-0.23365428590936024,0.8
8.671,TRACK,-0.030255040153861046,-0.07112646102905273,-0.0014918602537363768,0.4439087254454101,-0.23009789975884512,0.8
8.691,TRACK,-0.030330859124660492,-0.07120905071496964,-0.0015648477710783482,0.44572259975323253,-0.22656426035281846,0.8
8.711,TRACK,-0.030416300520300865,-0.07130329310894012,-0.0016447450034320354,0.4475352897644464,-0.2229622488571843,0.8
8.731,TRACK,-0.029516300186514854,-0.07107678800821304,-0.0006893891259096563,0.44929680025849755,-0.2193909416486373,0.8
8.75,TRACK,-0.02949776127934456,-0.07116775959730148,-0.000650168745778501,0.45103100615927305,-0.2158032239864683,0.8
8.771,TRACK,-0.029613692313432693,-0.0717136412858963,-0.0008979080594144762,0.45274113752386685,-0.21219204130597136,0.8
8.791,TRACK,-0.03010043315589428,-0.07109494507312775,-0.001552862231619656,0.45444085290016034,-0.20852700356398648,0.8
8.811,TRACK,-0.03017883002758026,-0.07125329226255417,-0.0016378901200369,0.45608870417414693,-0.20489776456747275,0.8
8.831,TRACK,-0.030155958607792854,-0.07109945267438889,-0.0018187210662290454,0.4577131765501071,-0.2012427589067752,0.8
8.85,TRACK,-0.02950301393866539,-0.07135199010372162,-0.0014232979156076908,0.4592998795700569,-0.19759458653245335,0.8
8.87,TRACK,-0.029777025803923607,-0.07100345194339752,-0.0012165738735347986,0.46086579095215924,-0.19391421487358956,0.8
8.891,TRACK,-0.02999112941324711,-0.07116615772247314,-0.0013391042593866587,0.4624148371279624,-0.1901907421614417,0.8
8.911,TRACK,-0.03006513975560665,-0.07132953405380249,-0.001368992729112506,0.4639175465681066,-0.18649533502537982,0.8
8.931,TRACK,-0.029402023181319237,-0.07129095494747162,-0.0008931465563364327,0.4653943503284027,-0.18277882449125216,0.8
8.951,TRACK,-0.029410475865006447,-0.07146575301885605,-0.0008453122572973371,0.4668445059001922,-0.1790424734827058,0.8
8.971,TRACK,-0.029071174561977386,-0.071598120033741,-0.0005270789843052626,0.46826035204421124,-0.17530613994789612,0.8
8.991,TRACK,-0.028921103104948997,-0.07196557521820068,-0.0004667463945224881,0.4696450356229908,-0.17156206024258303,0.8
9.011,TRACK,-0.029715849086642265,-0.07109648734331131,-0.0006523520569317043,0.47100602409445597,-0.167789526689638,0.8
9.031,TRACK,-0.030056841671466827,-0.07131872326135635,-0.0009031151421368122,0.4723344883149859,-0.16401259448048627,0.8
9.051,TRACK,-0.030116688460111618,-0.07149183005094528,-0.0009167437674477696,0.4736322079739454,-0.16022650083467888,0.8
9.071,TRACK,-0.029438234865665436,-0.07132218033075333,-0.0004962224629707634,0.4748946716007161,-0.15644504110149357,0.8
9.091,TRACK,-0.02942304126918316,-0.0714908242225647,-0.00045573210809379816,0.4761367123118863,-0.1526231672742641,0.8
9.111,TRACK,-0.029409177601337433,-0.07167515903711319,-0.0004162848927080631,0.47734237623959413,-0.14880946154709973,0.8
9.131,TRACK,-0.029607275500893593,-0.0708419531583786,-0.0003776576486416161,0.47851735584824207,-0.1449866895684113,0.8
9.15,TRACK,-0.02961384505033493,-0.0709305927157402,-0.00034591916482895613,0.4796597156989293,-0.14116145768453348,0.8
9.17,TRACK,-0.029910532757639885,-0.0712239146232605,-0.0008204575860872865,0.4807688911643783,-0.13733635093657517,0.8
9.19,TRACK,-0.029469486325979233,-0.07116768509149551,-0.0004970388836227357,0.48186151477288114,-0.13345216589019626,0.8
9.21,TRACK,-0.02963493950664997,-0.07170016318559647,-0.0006836331449449062,0.4829051467879107,-0.12962491737990206,0.8
9.231,TRACK,-0.02915417030453682,-0.0718516856431961,-0.0006053918041288853,0.48392828827009415,-0.12575138890674975,0.8
9.251,TRACK,-0.02930143103003502,-0.07216232270002365,-0.0005926746525801718,0.4849184069135899,-0.12187755591734711,0.8
